# DevCycle Docs - Strategic Redirects
# Only for external URLs we can't control and major structural changes

# Major site restructure - most likely to be bookmarked/indexed
/docs/* /:splat 301
/docs/*/ /:splat 301

# Home page consolidation 
/home /  301
/home/ /  301
/home/introduction /  301

# Major section moves - high-traffic paths
/tools-and-integrations/cli /cli 301
/introduction/quickstart /quickstart 301
/introduction/key-features /essentials/key-features 301
/introduction/architecture /essentials/architecture 301

# Core feature management restructure (likely external links)
/home/feature-management/features-and-variables/targeting-users /platform/feature-flags/targeting/targeting-overview 301
/home/feature-management/features-and-variables/variables-and-variations /platform/feature-flags/variables-and-variations/variables 301
/home/feature-management/features-and-variables/custom-properties /platform/feature-flags/targeting/custom-properties 301
/home/feature-management/organizing-your-flags-and-variables/environments /platform/account-management/environments 301
/home/feature-management/organizing-your-flags-and-variables/api-and-sdk-keys /platform/account-management/keys 301

# Tools and integrations consolidation
/tools-and-integrations/* /integrations/:splat 301
/tools-and-integrations/*/ /integrations/:splat 301

# Platform reorganization - broad categories only
/extras/* /platform/:splat 301
/extras/*/ /platform/:splat 301

# Essentials moves - structural changes
/essentials/features /platform/feature-flags/features 301
/essentials/organizations /platform/account-management/organizations 301
/essentials/projects /platform/account-management/projects 301
/essentials/environments /platform/account-management/environments 301
/essentials/keys /platform/account-management/keys 301

# Demo/examples consolidation
/home/demos/:path* /examples 301
/best-practices/sample-apps/getting-started-guide /examples 301
/best-practices/sample-apps/realtime-demo /examples 301

# Common entry points (likely from external sites)
/:path*/getting-started/:path* /quickstart 301

# API access patterns (external tools/scripts might use these)
/api /management-api/ 301
/api/* /management-api/:splat 301

# Major catch-alls for restructured sections (only broad patterns)
/home/feature-management/* /platform/feature-flags/ 301
/home/your-organization/* /platform/account-management/ 301
/introduction/* /essentials/ 301
